{
  "id": 0,
  "img_size": [
    512,
    512
  ],
  "fps": 10,
  "num_frames": 50,
  "snr": 3.3834751001722396,
  "grow_amp": 4.008915599775867,
  "grow_freq": 0.04692615025138612,
  "shrink_amp": 2.1230519268036554,
  "shrink_freq": 0.21542927930706351,
  "motion": 2.418520471453683,
  "max_length": 46.52178688719603,
  "min_length": 12.612099922585648,
  "sigma_x": 3,
  "sigma_y": 0,
  "margin": 5,
  "num_tubulus": 14
}