{
  "id": "best_B",
  "img_size": [
    462,
    462
  ],
  "fps": 5,
  "num_frames": 50,
  "color_mode": false,
  "grow_frames": 20,
  "shrink_frames": 5,
  "profile_noise": 4.450479319529565,
  "motion": 1.456019678376259,
  "min_length_min": 50,
  "min_length_max": 97,
  "microtubule_length_min": 115,
  "microtubule_length_max": 170,
  "pause_on_max_length": 4,
  "pause_on_min_length": 6,
  "num_microtubule": 17,
  "microtubule_min_dist": 15,
  "margin": 12,
  "width_var_std": 0.10247582415635194,
  "bend_amplitude": 5.6719062659957356,
  "bend_prob": 0.37180954152279105,
  "bend_straight_fraction": 0.49982699248699125,
  "psf_sigma_h": 1.0137244493290023,
  "psf_sigma_v": 1.0851591472420203,
  "background_level": 0.9904884824995526,
  "tubulus_contrast": 0.2570401929259434,
  "gaussian_noise": 0.1513093343974478,
  "bleach_tau": 435.62929965689585,
  "jitter_px": 1.1556988144534983,
  "vignetting_strength": 6.244914288015954e-05,
  "invert_contrast": false,
  "global_blur_sigma": 1.3522112774552315,
  "fixed_spot_count": 61,
  "fixed_spot_intensity_min": 0.08776918206205861,
  "fixed_spot_intensity_max": 0.23093769036839523,
  "fixed_spot_radius_min": 1,
  "fixed_spot_radius_max": 3,
  "fixed_spot_kernel_size_min": 3,
  "fixed_spot_kernel_size_max": 9,
  "fixed_spot_sigma": 2.9298885674167865,
  "moving_spot_count": 36,
  "moving_spot_intensity_min": 0.05201405169008083,
  "moving_spot_intensity_max": 0.09342673677159312,
  "moving_spot_radius_min": 10,
  "moving_spot_radius_max": 15,
  "moving_spot_kernel_size_min": 10,
  "moving_spot_kernel_size_max": 10,
  "moving_spot_sigma": 2.161959098839088,
  "show_time": false,
  "show_scale": false,
  "um_per_pixel": 0.48969631347432285,
  "scale_bar_um": 10.973869843098672,
  "generate_microtubule_mask": true,
  "generate_seed_mask": true
}
