{
  "id": "best_A",
  "img_size": [
    462,
    462
  ],
  "fps": 5,
  "num_frames": 50,
  "color_mode": true,
  "growth_speed": 2.160308893042452,
  "shrink_speed": 3.4386532842060546,
  "catastrophe_prob": 0.0011198572327852435,
  "rescue_prob": 0.0005014896651934128,
  "min_base_wagon_length": 16.853544010228294,
  "max_base_wagon_length": 42.348382289733316,
  "max_num_wagons": 17,
  "max_angle": 0.37511103791678835,
  "max_angle_sign_changes": 0,
  "prob_to_flip_bend": 0.023982735841437838,
  "min_length_min": 37,
  "min_length_max": 83,
  "max_length_min": 84,
  "max_length_max": 204,
  "min_wagon_length_min": 10,
  "min_wagon_length_max": 17,
  "max_wagon_length_min": 11,
  "max_wagon_length_max": 22,
  "pause_on_max_length": 5,
  "pause_on_min_length": 5,
  "num_tubuli": 13,
  "tubuli_min_dist": 48,
  "margin": 6,
  "sigma_x": 0.6566813242722165,
  "sigma_y": 1.635642038106259,
  "width_var_std": 0.04189400424589451,
  "background_level": 0.8226916771778475,
  "tubulus_contrast": 0.2149043615661216,
  "seed_red_channel_boost": 0.8944620371315525,
  "annotation_color_rgb": [
    1.0,
    1.0,
    1.0
  ],
  "tip_brightness_factor": 1.8624440600421235,
  "quantum_efficiency": 138.74659415869277,
  "gaussian_noise": 0.13662588057102248,
  "bleach_tau": 98.91716111881675,
  "jitter_px": 0.2646978784935781,
  "vignetting_strength": 0.09587359052767827,
  "global_blur_sigma": 2.0842925640674848,
  "fixed_spots": {
    "count": 97,
    "intensity_min": 0.038574202246758435,
    "intensity_max": 0.21201304772451074,
    "radius_min": 1,
    "radius_max": 6,
    "kernel_size_min": 0,
    "kernel_size_max": 7,
    "sigma": 4.029184477487998,
    "max_step": null
  },
  "moving_spots": {
    "count": 4,
    "intensity_min": 0.06458818105096156,
    "intensity_max": 0.2166254267218608,
    "radius_min": 5,
    "radius_max": 8,
    "kernel_size_min": 1,
    "kernel_size_max": 8,
    "sigma": 4.523595892931,
    "max_step": 7
  },
  "random_spots": {
    "count": 23,
    "intensity_min": 0.009134665653912237,
    "intensity_max": 0.12271077728240827,
    "radius_min": 5,
    "radius_max": 6,
    "kernel_size_min": 0,
    "kernel_size_max": 5,
    "sigma": 0.7485942241232897,
    "max_step": null
  },
  "show_time": false,
  "show_scale": false,
  "um_per_pixel": 0.15914197587162907,
  "scale_bar_um": 12.605969378468277,
  "generate_mask": true
}