{
  "id": "best_A",
  "img_size": [
    462,
    462
  ],
  "fps": 5,
  "num_frames": 50,
  "color_mode": false,
  "grow_frames": 20,
  "shrink_frames": 5,
  "profile_noise": 0.34435550999635356,
  "motion": 3.016458225241981,
  "min_length_min": 23,
  "min_length_max": 88,
  "max_length_min": 115,
  "max_length_max": 171,
  "pause_on_max_length": 5,
  "pause_on_min_length": 9,
  "num_tubulus": 25,
  "tubuli_min_dist": 28,
  "margin": 5,
  "width_var_std": 0.030234517443849834,
  "bend_amplitude": 3.5058964904819305,
  "bend_prob": 0.4995218027380196,
  "bend_straight_fraction": 0.33110491448116586,
  "sigma_x": 1.8877249066797304,
  "sigma_y": 1.7130946773534164,
  "background_level": 0.8666564616377759,
  "tubulus_contrast": 0.4573338475954071,
  "gaussian_noise": 0.1395670555637066,
  "bleach_tau": 312.3359048968869,
  "jitter_px": 1.7750412037420256,
  "vignetting_strength": 0.011654135829331594,
  "invert_contrast": false,
  "global_blur_sigma": 0.2721499794162595,
  "fixed_spot_count": 59,
  "fixed_spot_intensity_min": 0.24376927151427946,
  "fixed_spot_intensity_max": 0.24426405927909445,
  "fixed_spot_radius_min": 2,
  "fixed_spot_radius_max": 6,
  "fixed_spot_kernel_size_min": 0,
  "fixed_spot_kernel_size_max": 5,
  "fixed_spot_sigma": 4.113469271127852,
  "moving_spot_count": 31,
  "moving_spot_intensity_min": 0.03811125406843635,
  "moving_spot_intensity_max": 0.0509930919844021,
  "moving_spot_radius_min": 2,
  "moving_spot_radius_max": 12,
  "moving_spot_kernel_size_min": 0,
  "moving_spot_kernel_size_max": 2,
  "moving_spot_sigma": 4.635493763063976,
  "show_time": true,
  "show_scale": true,
  "um_per_pixel": 0.4480045759462902,
  "scale_bar_um": 19.57048885815428,
  "generate_mask": true
}