{
  "id": "best_B",
  "img_size": [
    462,
    462
  ],
  "fps": 5,
  "num_frames": 50,
  "color_mode": false,
  "grow_frames": 13,
  "shrink_frames": 8,
  "profile_noise": 8.791476984022268,
  "motion": 4.838549289078084,
  "min_length_min": 28,
  "min_length_max": 86,
  "max_length_min": 112,
  "max_length_max": 168,
  "pause_on_max_length": 9,
  "pause_on_min_length": 9,
  "num_tubulus": 23,
  "tubuli_min_dist": 45,
  "margin": 9,
  "width_var_std": 0.09512638551635459,
  "bend_amplitude": 0.9330906723575478,
  "bend_prob": 0.4865947846416595,
  "bend_straight_fraction": 0.33983616722647747,
  "sigma_x": 0.4561606042975169,
  "sigma_y": 1.3067739204688804,
  "background_level": 0.6286999884622138,
  "tubulus_contrast": 0.02731659744489115,
  "gaussian_noise": 0.03548670876586731,
  "bleach_tau": 62.77205765148729,
  "jitter_px": 0.7123260902295272,
  "vignetting_strength": 0.00028467956727445335,
  "invert_contrast": false,
  "global_blur_sigma": 2.73385564058246,
  "fixed_spot_count": 14,
  "fixed_spot_intensity_min": 0.15449913393695444,
  "fixed_spot_intensity_max": 0.19296963131977654,
  "fixed_spot_radius_min": 1,
  "fixed_spot_radius_max": 1,
  "fixed_spot_kernel_size_min": 5,
  "fixed_spot_kernel_size_max": 7,
  "fixed_spot_sigma": 4.537813693628162,
  "moving_spot_count": 19,
  "moving_spot_intensity_min": 0.04412383971767676,
  "moving_spot_intensity_max": 0.04914201070869824,
  "moving_spot_radius_min": 13,
  "moving_spot_radius_max": 16,
  "moving_spot_kernel_size_min": 5,
  "moving_spot_kernel_size_max": 7,
  "moving_spot_sigma": 1.2971640912534255,
  "show_time": false,
  "show_scale": false,
  "um_per_pixel": 0.40597758205321993,
  "scale_bar_um": 14.451514295110618,
  "generate_mask": true
}