{
  "id": "best_A",
  "img_size": [
    462,
    462
  ],
  "fps": 5,
  "num_frames": 50,
  "color_mode": false,
  "grow_frames": 29,
  "shrink_frames": 13,
  "profile_noise": 5.472754341056157,
  "motion": 1.5756131838119234,
  "min_length_min": 21,
  "min_length_max": 98,
  "max_length_min": 114,
  "max_length_max": 232,
  "pause_on_max_length": 10,
  "pause_on_min_length": 8,
  "num_tubulus": 14,
  "tubuli_min_dist": 36,
  "margin": 8,
  "width_var_std": 0.14998827022967273,
  "bend_amplitude": 9.618419024159056,
  "bend_prob": 0.06951717138027884,
  "bend_straight_fraction": 0.37712916734459684,
  "sigma_x": 0.7826786710499651,
  "sigma_y": 0.5452155228909438,
  "background_level": 0.6554049665779642,
  "tubulus_contrast": 0.0966686376811371,
  "gaussian_noise": 0.16344110262087821,
  "bleach_tau": 678.7957211563594,
  "jitter_px": 1.925723577152748,
  "vignetting_strength": 0.003323965025957833,
  "invert_contrast": false,
  "global_blur_sigma": 0.17964975694326935,
  "fixed_spot_count": 86,
  "fixed_spot_intensity_min": 0.21685117691938124,
  "fixed_spot_intensity_max": 0.2704055949365576,
  "fixed_spot_radius_min": 1,
  "fixed_spot_radius_max": 1,
  "fixed_spot_kernel_size_min": 10,
  "fixed_spot_kernel_size_max": 10,
  "fixed_spot_sigma": 2.553632173167706,
  "moving_spot_count": 25,
  "moving_spot_intensity_min": 0.061327704730414066,
  "moving_spot_intensity_max": 0.07270392863980887,
  "moving_spot_radius_min": 12,
  "moving_spot_radius_max": 14,
  "moving_spot_kernel_size_min": 9,
  "moving_spot_kernel_size_max": 10,
  "moving_spot_sigma": 0.30627570919376534,
  "show_time": true,
  "show_scale": true,
  "um_per_pixel": 0.7925252743665813,
  "scale_bar_um": 16.44357923177602,
  "generate_mask": true
}