{
  "id": 0,
  "img_size": [
    512,
    512
  ],
  "generate_mask": true,
  "fps": 10,
  "num_frames": 50,
  "snr": 3.810970644443822,
  "grow_amp": 4.841411562932285,
  "grow_freq": 0.19255169316091944,
  "shrink_amp": 7.789742055243734,
  "shrink_freq": 0.0695431111917985,
  "motion": 1.0836913432250905,
  "max_length": 25.312195666497647,
  "min_length": 16.344998741658028,
  "sigma_x": 9,
  "sigma_y": 6,
  "margin": 5,
  "num_tubulus": 6
}